scaffold_id,treatment,temperature,batch,lab,technician,degradation
S_0001,A_collagen,37C,Batch_1,Lab_1,Tech_1A,24.0
S_0002,A_collagen,37C,Batch_1,Lab_1,Tech_1A,24.8
S_0003,A_collagen,37C,Batch_1,Lab_1,Tech_1A,17.9
S_0004,A_collagen,42C,Batch_1,Lab_1,Tech_1A,31.7
S_0005,A_collagen,42C,Batch_1,Lab_1,Tech_1A,28.4
S_0006,A_collagen,42C,Batch_1,Lab_1,Tech_1A,24.9
S_0007,B_fibronectin,37C,Batch_1,Lab_1,Tech_1A,26.6
S_0008,B_fibronectin,37C,Batch_1,Lab_1,Tech_1A,32.8
S_0009,B_fibronectin,37C,Batch_1,Lab_1,Tech_1A,26.8
S_0010,B_fibronectin,42C,Batch_1,Lab_1,Tech_1A,30.5
S_0011,B_fibronectin,42C,Batch_1,Lab_1,Tech_1A,33.0
S_0012,B_fibronectin,42C,Batch_1,Lab_1,Tech_1A,34.1
S_0013,C_uncoated,37C,Batch_1,Lab_1,Tech_1A,31.1
S_0014,C_uncoated,37C,Batch_1,Lab_1,Tech_1A,31.1
S_0015,C_uncoated,37C,Batch_1,Lab_1,Tech_1A,34.7
S_0016,C_uncoated,42C,Batch_1,Lab_1,Tech_1A,44.0
S_0017,C_uncoated,42C,Batch_1,Lab_1,Tech_1A,42.3
S_0018,C_uncoated,42C,Batch_1,Lab_1,Tech_1A,42.2
S_0019,A_collagen,37C,Batch_2,Lab_1,Tech_1A,21.2
S_0020,A_collagen,37C,Batch_2,Lab_1,Tech_1A,20.1
S_0021,A_collagen,37C,Batch_2,Lab_1,Tech_1A,20.9
S_0022,A_collagen,42C,Batch_2,Lab_1,Tech_1A,26.2
S_0023,A_collagen,42C,Batch_2,Lab_1,Tech_1A,28.9
S_0024,A_collagen,42C,Batch_2,Lab_1,Tech_1A,23.6
S_0025,B_fibronectin,37C,Batch_2,Lab_1,Tech_1A,26.8
S_0026,B_fibronectin,37C,Batch_2,Lab_1,Tech_1A,28.3
S_0027,B_fibronectin,37C,Batch_2,Lab_1,Tech_1A,23.2
S_0028,B_fibronectin,42C,Batch_2,Lab_1,Tech_1A,31.3
S_0029,B_fibronectin,42C,Batch_2,Lab_1,Tech_1A,31.4
S_0030,B_fibronectin,42C,Batch_2,Lab_1,Tech_1A,30.6
S_0031,C_uncoated,37C,Batch_2,Lab_1,Tech_1A,29.0
S_0032,C_uncoated,37C,Batch_2,Lab_1,Tech_1A,27.9
S_0033,C_uncoated,37C,Batch_2,Lab_1,Tech_1A,25.5
S_0034,C_uncoated,42C,Batch_2,Lab_1,Tech_1A,41.1
S_0035,C_uncoated,42C,Batch_2,Lab_1,Tech_1A,33.4
S_0036,C_uncoated,42C,Batch_2,Lab_1,Tech_1A,40.9
S_0037,A_collagen,37C,Batch_3,Lab_1,Tech_1A,27.0
S_0038,A_collagen,37C,Batch_3,Lab_1,Tech_1A,23.1
S_0039,A_collagen,37C,Batch_3,Lab_1,Tech_1A,26.3
S_0040,A_collagen,42C,Batch_3,Lab_1,Tech_1A,31.6
S_0041,A_collagen,42C,Batch_3,Lab_1,Tech_1A,31.6
S_0042,A_collagen,42C,Batch_3,Lab_1,Tech_1A,29.3
S_0043,B_fibronectin,37C,Batch_3,Lab_1,Tech_1A,29.9
S_0044,B_fibronectin,37C,Batch_3,Lab_1,Tech_1A,29.6
S_0045,B_fibronectin,37C,Batch_3,Lab_1,Tech_1A,27.6
S_0046,B_fibronectin,42C,Batch_3,Lab_1,Tech_1A,34.1
S_0047,B_fibronectin,42C,Batch_3,Lab_1,Tech_1A,36.5
S_0048,B_fibronectin,42C,Batch_3,Lab_1,Tech_1A,34.1
S_0049,C_uncoated,37C,Batch_3,Lab_1,Tech_1A,35.1
S_0050,C_uncoated,37C,Batch_3,Lab_1,Tech_1A,34.4
S_0051,C_uncoated,37C,Batch_3,Lab_1,Tech_1A,33.7
S_0052,C_uncoated,42C,Batch_3,Lab_1,Tech_1A,44.4
S_0053,C_uncoated,42C,Batch_3,Lab_1,Tech_1A,44.9
S_0054,C_uncoated,42C,Batch_3,Lab_1,Tech_1A,44.3
S_0055,A_collagen,37C,Batch_4,Lab_1,Tech_1A,24.7
S_0056,A_collagen,37C,Batch_4,Lab_1,Tech_1A,25.8
S_0057,A_collagen,37C,Batch_4,Lab_1,Tech_1A,24.0
S_0058,A_collagen,42C,Batch_4,Lab_1,Tech_1A,29.8
S_0059,A_collagen,42C,Batch_4,Lab_1,Tech_1A,29.0
S_0060,A_collagen,42C,Batch_4,Lab_1,Tech_1A,30.2
S_0061,B_fibronectin,37C,Batch_4,Lab_1,Tech_1A,28.1
S_0062,B_fibronectin,37C,Batch_4,Lab_1,Tech_1A,29.8
S_0063,B_fibronectin,37C,Batch_4,Lab_1,Tech_1A,30.6
S_0064,B_fibronectin,42C,Batch_4,Lab_1,Tech_1A,31.6
S_0065,B_fibronectin,42C,Batch_4,Lab_1,Tech_1A,37.2
S_0066,B_fibronectin,42C,Batch_4,Lab_1,Tech_1A,36.8
S_0067,C_uncoated,37C,Batch_4,Lab_1,Tech_1A,31.8
S_0068,C_uncoated,37C,Batch_4,Lab_1,Tech_1A,38.2
S_0069,C_uncoated,37C,Batch_4,Lab_1,Tech_1A,33.8
S_0070,C_uncoated,42C,Batch_4,Lab_1,Tech_1A,44.4
S_0071,C_uncoated,42C,Batch_4,Lab_1,Tech_1A,46.8
S_0072,C_uncoated,42C,Batch_4,Lab_1,Tech_1A,42.1
S_0073,A_collagen,37C,Batch_5,Lab_1,Tech_1A,25.8
S_0074,A_collagen,37C,Batch_5,Lab_1,Tech_1A,27.4
S_0075,A_collagen,37C,Batch_5,Lab_1,Tech_1A,28.4
S_0076,A_collagen,42C,Batch_5,Lab_1,Tech_1A,33.8
S_0077,A_collagen,42C,Batch_5,Lab_1,Tech_1A,34.4
S_0078,A_collagen,42C,Batch_5,Lab_1,Tech_1A,36.4
S_0079,B_fibronectin,37C,Batch_5,Lab_1,Tech_1A,30.5
S_0080,B_fibronectin,37C,Batch_5,Lab_1,Tech_1A,29.6
S_0081,B_fibronectin,37C,Batch_5,Lab_1,Tech_1A,32.7
S_0082,B_fibronectin,42C,Batch_5,Lab_1,Tech_1A,38.0
S_0083,B_fibronectin,42C,Batch_5,Lab_1,Tech_1A,37.9
S_0084,B_fibronectin,42C,Batch_5,Lab_1,Tech_1A,35.3
S_0085,C_uncoated,37C,Batch_5,Lab_1,Tech_1A,38.4
S_0086,C_uncoated,37C,Batch_5,Lab_1,Tech_1A,38.3
S_0087,C_uncoated,37C,Batch_5,Lab_1,Tech_1A,36.5
S_0088,C_uncoated,42C,Batch_5,Lab_1,Tech_1A,52.5
S_0089,C_uncoated,42C,Batch_5,Lab_1,Tech_1A,44.7
S_0090,C_uncoated,42C,Batch_5,Lab_1,Tech_1A,49.1
S_0091,A_collagen,37C,Batch_6,Lab_1,Tech_1A,24.0
S_0092,A_collagen,37C,Batch_6,Lab_1,Tech_1A,23.4
S_0093,A_collagen,37C,Batch_6,Lab_1,Tech_1A,22.8
S_0094,A_collagen,42C,Batch_6,Lab_1,Tech_1A,32.2
S_0095,A_collagen,42C,Batch_6,Lab_1,Tech_1A,28.9
S_0096,A_collagen,42C,Batch_6,Lab_1,Tech_1A,29.2
S_0097,B_fibronectin,37C,Batch_6,Lab_1,Tech_1A,28.3
S_0098,B_fibronectin,37C,Batch_6,Lab_1,Tech_1A,30.0
S_0099,B_fibronectin,37C,Batch_6,Lab_1,Tech_1A,31.5
S_0100,B_fibronectin,42C,Batch_6,Lab_1,Tech_1A,35.9
S_0101,B_fibronectin,42C,Batch_6,Lab_1,Tech_1A,37.7
S_0102,B_fibronectin,42C,Batch_6,Lab_1,Tech_1A,37.9
S_0103,C_uncoated,37C,Batch_6,Lab_1,Tech_1A,33.4
S_0104,C_uncoated,37C,Batch_6,Lab_1,Tech_1A,34.9
S_0105,C_uncoated,37C,Batch_6,Lab_1,Tech_1A,36.0
S_0106,C_uncoated,42C,Batch_6,Lab_1,Tech_1A,45.8
S_0107,C_uncoated,42C,Batch_6,Lab_1,Tech_1A,44.5
S_0108,C_uncoated,42C,Batch_6,Lab_1,Tech_1A,47.4
S_0109,A_collagen,37C,Batch_1,Lab_1,Tech_1B,22.2
S_0110,A_collagen,37C,Batch_1,Lab_1,Tech_1B,22.2
S_0111,A_collagen,37C,Batch_1,Lab_1,Tech_1B,23.4
S_0112,A_collagen,42C,Batch_1,Lab_1,Tech_1B,27.4
S_0113,A_collagen,42C,Batch_1,Lab_1,Tech_1B,25.7
S_0114,A_collagen,42C,Batch_1,Lab_1,Tech_1B,29.9
S_0115,B_fibronectin,37C,Batch_1,Lab_1,Tech_1B,26.8
S_0116,B_fibronectin,37C,Batch_1,Lab_1,Tech_1B,28.7
S_0117,B_fibronectin,37C,Batch_1,Lab_1,Tech_1B,29.1
S_0118,B_fibronectin,42C,Batch_1,Lab_1,Tech_1B,30.3
S_0119,B_fibronectin,42C,Batch_1,Lab_1,Tech_1B,33.9
S_0120,B_fibronectin,42C,Batch_1,Lab_1,Tech_1B,31.8
S_0121,C_uncoated,37C,Batch_1,Lab_1,Tech_1B,32.3
S_0122,C_uncoated,37C,Batch_1,Lab_1,Tech_1B,33.0
S_0123,C_uncoated,37C,Batch_1,Lab_1,Tech_1B,30.3
S_0124,C_uncoated,42C,Batch_1,Lab_1,Tech_1B,39.8
S_0125,C_uncoated,42C,Batch_1,Lab_1,Tech_1B,41.8
S_0126,C_uncoated,42C,Batch_1,Lab_1,Tech_1B,41.2
S_0127,A_collagen,37C,Batch_2,Lab_1,Tech_1B,19.4
S_0128,A_collagen,37C,Batch_2,Lab_1,Tech_1B,21.0
S_0129,A_collagen,37C,Batch_2,Lab_1,Tech_1B,20.1
S_0130,A_collagen,42C,Batch_2,Lab_1,Tech_1B,26.3
S_0131,A_collagen,42C,Batch_2,Lab_1,Tech_1B,26.6
S_0132,A_collagen,42C,Batch_2,Lab_1,Tech_1B,24.0
S_0133,B_fibronectin,37C,Batch_2,Lab_1,Tech_1B,23.3
S_0134,B_fibronectin,37C,Batch_2,Lab_1,Tech_1B,25.0
S_0135,B_fibronectin,37C,Batch_2,Lab_1,Tech_1B,24.8
S_0136,B_fibronectin,42C,Batch_2,Lab_1,Tech_1B,30.7
S_0137,B_fibronectin,42C,Batch_2,Lab_1,Tech_1B,33.2
S_0138,B_fibronectin,42C,Batch_2,Lab_1,Tech_1B,33.4
S_0139,C_uncoated,37C,Batch_2,Lab_1,Tech_1B,26.1
S_0140,C_uncoated,37C,Batch_2,Lab_1,Tech_1B,29.4
S_0141,C_uncoated,37C,Batch_2,Lab_1,Tech_1B,28.9
S_0142,C_uncoated,42C,Batch_2,Lab_1,Tech_1B,37.4
S_0143,C_uncoated,42C,Batch_2,Lab_1,Tech_1B,36.2
S_0144,C_uncoated,42C,Batch_2,Lab_1,Tech_1B,35.0
S_0145,A_collagen,37C,Batch_3,Lab_1,Tech_1B,24.0
S_0146,A_collagen,37C,Batch_3,Lab_1,Tech_1B,23.6
S_0147,A_collagen,37C,Batch_3,Lab_1,Tech_1B,25.0
S_0148,A_collagen,42C,Batch_3,Lab_1,Tech_1B,28.9
S_0149,A_collagen,42C,Batch_3,Lab_1,Tech_1B,31.0
S_0150,A_collagen,42C,Batch_3,Lab_1,Tech_1B,31.7
S_0151,B_fibronectin,37C,Batch_3,Lab_1,Tech_1B,27.1
S_0152,B_fibronectin,37C,Batch_3,Lab_1,Tech_1B,27.4
S_0153,B_fibronectin,37C,Batch_3,Lab_1,Tech_1B,31.1
S_0154,B_fibronectin,42C,Batch_3,Lab_1,Tech_1B,32.8
S_0155,B_fibronectin,42C,Batch_3,Lab_1,Tech_1B,37.8
S_0156,B_fibronectin,42C,Batch_3,Lab_1,Tech_1B,38.6
S_0157,C_uncoated,37C,Batch_3,Lab_1,Tech_1B,32.8
S_0158,C_uncoated,37C,Batch_3,Lab_1,Tech_1B,33.7
S_0159,C_uncoated,37C,Batch_3,Lab_1,Tech_1B,34.3
S_0160,C_uncoated,42C,Batch_3,Lab_1,Tech_1B,41.0
S_0161,C_uncoated,42C,Batch_3,Lab_1,Tech_1B,47.5
S_0162,C_uncoated,42C,Batch_3,Lab_1,Tech_1B,39.2
S_0163,A_collagen,37C,Batch_4,Lab_1,Tech_1B,23.5
S_0164,A_collagen,37C,Batch_4,Lab_1,Tech_1B,22.9
S_0165,A_collagen,37C,Batch_4,Lab_1,Tech_1B,27.6
S_0166,A_collagen,42C,Batch_4,Lab_1,Tech_1B,28.8
S_0167,A_collagen,42C,Batch_4,Lab_1,Tech_1B,25.8
S_0168,A_collagen,42C,Batch_4,Lab_1,Tech_1B,29.7
S_0169,B_fibronectin,37C,Batch_4,Lab_1,Tech_1B,28.3
S_0170,B_fibronectin,37C,Batch_4,Lab_1,Tech_1B,30.2
S_0171,B_fibronectin,37C,Batch_4,Lab_1,Tech_1B,24.2
S_0172,B_fibronectin,42C,Batch_4,Lab_1,Tech_1B,35.6
S_0173,B_fibronectin,42C,Batch_4,Lab_1,Tech_1B,35.8
S_0174,B_fibronectin,42C,Batch_4,Lab_1,Tech_1B,32.3
S_0175,C_uncoated,37C,Batch_4,Lab_1,Tech_1B,30.8
S_0176,C_uncoated,37C,Batch_4,Lab_1,Tech_1B,31.3
S_0177,C_uncoated,37C,Batch_4,Lab_1,Tech_1B,34.8
S_0178,C_uncoated,42C,Batch_4,Lab_1,Tech_1B,44.2
S_0179,C_uncoated,42C,Batch_4,Lab_1,Tech_1B,41.7
S_0180,C_uncoated,42C,Batch_4,Lab_1,Tech_1B,44.4
S_0181,A_collagen,37C,Batch_5,Lab_1,Tech_1B,29.8
S_0182,A_collagen,37C,Batch_5,Lab_1,Tech_1B,26.6
S_0183,A_collagen,37C,Batch_5,Lab_1,Tech_1B,29.6
S_0184,A_collagen,42C,Batch_5,Lab_1,Tech_1B,31.4
S_0185,A_collagen,42C,Batch_5,Lab_1,Tech_1B,31.5
S_0186,A_collagen,42C,Batch_5,Lab_1,Tech_1B,32.0
S_0187,B_fibronectin,37C,Batch_5,Lab_1,Tech_1B,31.8
S_0188,B_fibronectin,37C,Batch_5,Lab_1,Tech_1B,27.1
S_0189,B_fibronectin,37C,Batch_5,Lab_1,Tech_1B,29.1
S_0190,B_fibronectin,42C,Batch_5,Lab_1,Tech_1B,32.5
S_0191,B_fibronectin,42C,Batch_5,Lab_1,Tech_1B,38.5
S_0192,B_fibronectin,42C,Batch_5,Lab_1,Tech_1B,39.8
S_0193,C_uncoated,37C,Batch_5,Lab_1,Tech_1B,39.1
S_0194,C_uncoated,37C,Batch_5,Lab_1,Tech_1B,32.3
S_0195,C_uncoated,37C,Batch_5,Lab_1,Tech_1B,36.3
S_0196,C_uncoated,42C,Batch_5,Lab_1,Tech_1B,43.9
S_0197,C_uncoated,42C,Batch_5,Lab_1,Tech_1B,43.5
S_0198,C_uncoated,42C,Batch_5,Lab_1,Tech_1B,45.1
S_0199,A_collagen,37C,Batch_6,Lab_1,Tech_1B,21.7
S_0200,A_collagen,37C,Batch_6,Lab_1,Tech_1B,28.4
S_0201,A_collagen,37C,Batch_6,Lab_1,Tech_1B,21.4
S_0202,A_collagen,42C,Batch_6,Lab_1,Tech_1B,27.4
S_0203,A_collagen,42C,Batch_6,Lab_1,Tech_1B,29.0
S_0204,A_collagen,42C,Batch_6,Lab_1,Tech_1B,29.4
S_0205,B_fibronectin,37C,Batch_6,Lab_1,Tech_1B,28.4
S_0206,B_fibronectin,37C,Batch_6,Lab_1,Tech_1B,25.9
S_0207,B_fibronectin,37C,Batch_6,Lab_1,Tech_1B,28.8
S_0208,B_fibronectin,42C,Batch_6,Lab_1,Tech_1B,34.9
S_0209,B_fibronectin,42C,Batch_6,Lab_1,Tech_1B,35.7
S_0210,B_fibronectin,42C,Batch_6,Lab_1,Tech_1B,34.0
S_0211,C_uncoated,37C,Batch_6,Lab_1,Tech_1B,35.2
S_0212,C_uncoated,37C,Batch_6,Lab_1,Tech_1B,30.4
S_0213,C_uncoated,37C,Batch_6,Lab_1,Tech_1B,35.9
S_0214,C_uncoated,42C,Batch_6,Lab_1,Tech_1B,45.0
S_0215,C_uncoated,42C,Batch_6,Lab_1,Tech_1B,44.0
S_0216,C_uncoated,42C,Batch_6,Lab_1,Tech_1B,44.3
S_0217,A_collagen,37C,Batch_1,Lab_2,Tech_2A,20.1
S_0218,A_collagen,37C,Batch_1,Lab_2,Tech_2A,19.8
S_0219,A_collagen,37C,Batch_1,Lab_2,Tech_2A,16.0
S_0220,A_collagen,42C,Batch_1,Lab_2,Tech_2A,25.3
S_0221,A_collagen,42C,Batch_1,Lab_2,Tech_2A,23.6
S_0222,A_collagen,42C,Batch_1,Lab_2,Tech_2A,25.4
S_0223,B_fibronectin,37C,Batch_1,Lab_2,Tech_2A,22.9
S_0224,B_fibronectin,37C,Batch_1,Lab_2,Tech_2A,20.2
S_0225,B_fibronectin,37C,Batch_1,Lab_2,Tech_2A,19.9
S_0226,B_fibronectin,42C,Batch_1,Lab_2,Tech_2A,29.0
S_0227,B_fibronectin,42C,Batch_1,Lab_2,Tech_2A,30.3
S_0228,B_fibronectin,42C,Batch_1,Lab_2,Tech_2A,25.1
S_0229,C_uncoated,37C,Batch_1,Lab_2,Tech_2A,26.4
S_0230,C_uncoated,37C,Batch_1,Lab_2,Tech_2A,29.2
S_0231,C_uncoated,37C,Batch_1,Lab_2,Tech_2A,26.4
S_0232,C_uncoated,42C,Batch_1,Lab_2,Tech_2A,40.7
S_0233,C_uncoated,42C,Batch_1,Lab_2,Tech_2A,38.5
S_0234,C_uncoated,42C,Batch_1,Lab_2,Tech_2A,39.6
S_0235,A_collagen,37C,Batch_2,Lab_2,Tech_2A,14.4
S_0236,A_collagen,37C,Batch_2,Lab_2,Tech_2A,19.4
S_0237,A_collagen,37C,Batch_2,Lab_2,Tech_2A,17.3
S_0238,A_collagen,42C,Batch_2,Lab_2,Tech_2A,21.5
S_0239,A_collagen,42C,Batch_2,Lab_2,Tech_2A,22.3
S_0240,A_collagen,42C,Batch_2,Lab_2,Tech_2A,21.4
S_0241,B_fibronectin,37C,Batch_2,Lab_2,Tech_2A,22.6
S_0242,B_fibronectin,37C,Batch_2,Lab_2,Tech_2A,19.6
S_0243,B_fibronectin,37C,Batch_2,Lab_2,Tech_2A,19.3
S_0244,B_fibronectin,42C,Batch_2,Lab_2,Tech_2A,25.5
S_0245,B_fibronectin,42C,Batch_2,Lab_2,Tech_2A,26.3
S_0246,B_fibronectin,42C,Batch_2,Lab_2,Tech_2A,26.0
S_0247,C_uncoated,37C,Batch_2,Lab_2,Tech_2A,21.1
S_0248,C_uncoated,37C,Batch_2,Lab_2,Tech_2A,27.1
S_0249,C_uncoated,37C,Batch_2,Lab_2,Tech_2A,22.9
S_0250,C_uncoated,42C,Batch_2,Lab_2,Tech_2A,33.9
S_0251,C_uncoated,42C,Batch_2,Lab_2,Tech_2A,34.1
S_0252,C_uncoated,42C,Batch_2,Lab_2,Tech_2A,36.4
S_0253,A_collagen,37C,Batch_3,Lab_2,Tech_2A,15.9
S_0254,A_collagen,37C,Batch_3,Lab_2,Tech_2A,17.3
S_0255,A_collagen,37C,Batch_3,Lab_2,Tech_2A,24.9
S_0256,A_collagen,42C,Batch_3,Lab_2,Tech_2A,27.7
S_0257,A_collagen,42C,Batch_3,Lab_2,Tech_2A,28.5
S_0258,A_collagen,42C,Batch_3,Lab_2,Tech_2A,24.5
S_0259,B_fibronectin,37C,Batch_3,Lab_2,Tech_2A,26.5
S_0260,B_fibronectin,37C,Batch_3,Lab_2,Tech_2A,23.7
S_0261,B_fibronectin,37C,Batch_3,Lab_2,Tech_2A,23.2
S_0262,B_fibronectin,42C,Batch_3,Lab_2,Tech_2A,26.4
S_0263,B_fibronectin,42C,Batch_3,Lab_2,Tech_2A,29.9
S_0264,B_fibronectin,42C,Batch_3,Lab_2,Tech_2A,29.5
S_0265,C_uncoated,37C,Batch_3,Lab_2,Tech_2A,24.6
S_0266,C_uncoated,37C,Batch_3,Lab_2,Tech_2A,27.1
S_0267,C_uncoated,37C,Batch_3,Lab_2,Tech_2A,28.5
S_0268,C_uncoated,42C,Batch_3,Lab_2,Tech_2A,36.7
S_0269,C_uncoated,42C,Batch_3,Lab_2,Tech_2A,40.6
S_0270,C_uncoated,42C,Batch_3,Lab_2,Tech_2A,38.4
S_0271,A_collagen,37C,Batch_4,Lab_2,Tech_2A,19.9
S_0272,A_collagen,37C,Batch_4,Lab_2,Tech_2A,21.6
S_0273,A_collagen,37C,Batch_4,Lab_2,Tech_2A,20.0
S_0274,A_collagen,42C,Batch_4,Lab_2,Tech_2A,21.5
S_0275,A_collagen,42C,Batch_4,Lab_2,Tech_2A,25.6
S_0276,A_collagen,42C,Batch_4,Lab_2,Tech_2A,23.1
S_0277,B_fibronectin,37C,Batch_4,Lab_2,Tech_2A,19.9
S_0278,B_fibronectin,37C,Batch_4,Lab_2,Tech_2A,22.8
S_0279,B_fibronectin,37C,Batch_4,Lab_2,Tech_2A,24.2
S_0280,B_fibronectin,42C,Batch_4,Lab_2,Tech_2A,30.1
S_0281,B_fibronectin,42C,Batch_4,Lab_2,Tech_2A,26.0
S_0282,B_fibronectin,42C,Batch_4,Lab_2,Tech_2A,29.3
S_0283,C_uncoated,37C,Batch_4,Lab_2,Tech_2A,30.3
S_0284,C_uncoated,37C,Batch_4,Lab_2,Tech_2A,26.9
S_0285,C_uncoated,37C,Batch_4,Lab_2,Tech_2A,28.3
S_0286,C_uncoated,42C,Batch_4,Lab_2,Tech_2A,38.4
S_0287,C_uncoated,42C,Batch_4,Lab_2,Tech_2A,38.6
S_0288,C_uncoated,42C,Batch_4,Lab_2,Tech_2A,40.5
S_0289,A_collagen,37C,Batch_5,Lab_2,Tech_2A,23.2
S_0290,A_collagen,37C,Batch_5,Lab_2,Tech_2A,20.3
S_0291,A_collagen,37C,Batch_5,Lab_2,Tech_2A,20.8
S_0292,A_collagen,42C,Batch_5,Lab_2,Tech_2A,28.4
S_0293,A_collagen,42C,Batch_5,Lab_2,Tech_2A,23.9
S_0294,A_collagen,42C,Batch_5,Lab_2,Tech_2A,27.9
S_0295,B_fibronectin,37C,Batch_5,Lab_2,Tech_2A,27.1
S_0296,B_fibronectin,37C,Batch_5,Lab_2,Tech_2A,27.9
S_0297,B_fibronectin,37C,Batch_5,Lab_2,Tech_2A,26.1
S_0298,B_fibronectin,42C,Batch_5,Lab_2,Tech_2A,33.1
S_0299,B_fibronectin,42C,Batch_5,Lab_2,Tech_2A,31.4
S_0300,B_fibronectin,42C,Batch_5,Lab_2,Tech_2A,31.3
S_0301,C_uncoated,37C,Batch_5,Lab_2,Tech_2A,33.8
S_0302,C_uncoated,37C,Batch_5,Lab_2,Tech_2A,30.8
S_0303,C_uncoated,37C,Batch_5,Lab_2,Tech_2A,32.6
S_0304,C_uncoated,42C,Batch_5,Lab_2,Tech_2A,44.2
S_0305,C_uncoated,42C,Batch_5,Lab_2,Tech_2A,45.2
S_0306,C_uncoated,42C,Batch_5,Lab_2,Tech_2A,44.8
S_0307,A_collagen,37C,Batch_6,Lab_2,Tech_2A,18.8
S_0308,A_collagen,37C,Batch_6,Lab_2,Tech_2A,17.0
S_0309,A_collagen,37C,Batch_6,Lab_2,Tech_2A,19.4
S_0310,A_collagen,42C,Batch_6,Lab_2,Tech_2A,24.1
S_0311,A_collagen,42C,Batch_6,Lab_2,Tech_2A,24.9
S_0312,A_collagen,42C,Batch_6,Lab_2,Tech_2A,24.5
S_0313,B_fibronectin,37C,Batch_6,Lab_2,Tech_2A,23.7
S_0314,B_fibronectin,37C,Batch_6,Lab_2,Tech_2A,20.3
S_0315,B_fibronectin,37C,Batch_6,Lab_2,Tech_2A,24.7
S_0316,B_fibronectin,42C,Batch_6,Lab_2,Tech_2A,33.8
S_0317,B_fibronectin,42C,Batch_6,Lab_2,Tech_2A,33.6
S_0318,B_fibronectin,42C,Batch_6,Lab_2,Tech_2A,31.2
S_0319,C_uncoated,37C,Batch_6,Lab_2,Tech_2A,30.5
S_0320,C_uncoated,37C,Batch_6,Lab_2,Tech_2A,27.5
S_0321,C_uncoated,37C,Batch_6,Lab_2,Tech_2A,28.1
S_0322,C_uncoated,42C,Batch_6,Lab_2,Tech_2A,43.5
S_0323,C_uncoated,42C,Batch_6,Lab_2,Tech_2A,39.7
S_0324,C_uncoated,42C,Batch_6,Lab_2,Tech_2A,41.6
S_0325,A_collagen,37C,Batch_1,Lab_2,Tech_2B,22.8
S_0326,A_collagen,37C,Batch_1,Lab_2,Tech_2B,23.7
S_0327,A_collagen,37C,Batch_1,Lab_2,Tech_2B,24.2
S_0328,A_collagen,42C,Batch_1,Lab_2,Tech_2B,28.9
S_0329,A_collagen,42C,Batch_1,Lab_2,Tech_2B,25.4
S_0330,A_collagen,42C,Batch_1,Lab_2,Tech_2B,27.1
S_0331,B_fibronectin,37C,Batch_1,Lab_2,Tech_2B,30.9
S_0332,B_fibronectin,37C,Batch_1,Lab_2,Tech_2B,26.5
S_0333,B_fibronectin,37C,Batch_1,Lab_2,Tech_2B,29.0
S_0334,B_fibronectin,42C,Batch_1,Lab_2,Tech_2B,32.3
S_0335,B_fibronectin,42C,Batch_1,Lab_2,Tech_2B,30.1
S_0336,B_fibronectin,42C,Batch_1,Lab_2,Tech_2B,30.9
S_0337,C_uncoated,37C,Batch_1,Lab_2,Tech_2B,28.5
S_0338,C_uncoated,37C,Batch_1,Lab_2,Tech_2B,27.9
S_0339,C_uncoated,37C,Batch_1,Lab_2,Tech_2B,30.9
S_0340,C_uncoated,42C,Batch_1,Lab_2,Tech_2B,40.0
S_0341,C_uncoated,42C,Batch_1,Lab_2,Tech_2B,38.7
S_0342,C_uncoated,42C,Batch_1,Lab_2,Tech_2B,39.9
S_0343,A_collagen,37C,Batch_2,Lab_2,Tech_2B,18.9
S_0344,A_collagen,37C,Batch_2,Lab_2,Tech_2B,21.1
S_0345,A_collagen,37C,Batch_2,Lab_2,Tech_2B,21.2
S_0346,A_collagen,42C,Batch_2,Lab_2,Tech_2B,25.4
S_0347,A_collagen,42C,Batch_2,Lab_2,Tech_2B,27.2
S_0348,A_collagen,42C,Batch_2,Lab_2,Tech_2B,25.3
S_0349,B_fibronectin,37C,Batch_2,Lab_2,Tech_2B,24.6
S_0350,B_fibronectin,37C,Batch_2,Lab_2,Tech_2B,22.1
S_0351,B_fibronectin,37C,Batch_2,Lab_2,Tech_2B,22.7
S_0352,B_fibronectin,42C,Batch_2,Lab_2,Tech_2B,30.0
S_0353,B_fibronectin,42C,Batch_2,Lab_2,Tech_2B,29.3
S_0354,B_fibronectin,42C,Batch_2,Lab_2,Tech_2B,33.7
S_0355,C_uncoated,37C,Batch_2,Lab_2,Tech_2B,30.3
S_0356,C_uncoated,37C,Batch_2,Lab_2,Tech_2B,30.5
S_0357,C_uncoated,37C,Batch_2,Lab_2,Tech_2B,28.8
S_0358,C_uncoated,42C,Batch_2,Lab_2,Tech_2B,39.9
S_0359,C_uncoated,42C,Batch_2,Lab_2,Tech_2B,42.2
S_0360,C_uncoated,42C,Batch_2,Lab_2,Tech_2B,37.8
S_0361,A_collagen,37C,Batch_3,Lab_2,Tech_2B,26.9
S_0362,A_collagen,37C,Batch_3,Lab_2,Tech_2B,21.4
S_0363,A_collagen,37C,Batch_3,Lab_2,Tech_2B,25.5
S_0364,A_collagen,42C,Batch_3,Lab_2,Tech_2B,31.4
S_0365,A_collagen,42C,Batch_3,Lab_2,Tech_2B,31.4
S_0366,A_collagen,42C,Batch_3,Lab_2,Tech_2B,31.3
S_0367,B_fibronectin,37C,Batch_3,Lab_2,Tech_2B,25.5
S_0368,B_fibronectin,37C,Batch_3,Lab_2,Tech_2B,27.7
S_0369,B_fibronectin,37C,Batch_3,Lab_2,Tech_2B,31.7
S_0370,B_fibronectin,42C,Batch_3,Lab_2,Tech_2B,36.5
S_0371,B_fibronectin,42C,Batch_3,Lab_2,Tech_2B,33.2
S_0372,B_fibronectin,42C,Batch_3,Lab_2,Tech_2B,32.9
S_0373,C_uncoated,37C,Batch_3,Lab_2,Tech_2B,34.3
S_0374,C_uncoated,37C,Batch_3,Lab_2,Tech_2B,33.2
S_0375,C_uncoated,37C,Batch_3,Lab_2,Tech_2B,33.0
S_0376,C_uncoated,42C,Batch_3,Lab_2,Tech_2B,41.9
S_0377,C_uncoated,42C,Batch_3,Lab_2,Tech_2B,44.0
S_0378,C_uncoated,42C,Batch_3,Lab_2,Tech_2B,45.1
S_0379,A_collagen,37C,Batch_4,Lab_2,Tech_2B,23.6
S_0380,A_collagen,37C,Batch_4,Lab_2,Tech_2B,25.0
S_0381,A_collagen,37C,Batch_4,Lab_2,Tech_2B,23.6
S_0382,A_collagen,42C,Batch_4,Lab_2,Tech_2B,33.9
S_0383,A_collagen,42C,Batch_4,Lab_2,Tech_2B,29.9
S_0384,A_collagen,42C,Batch_4,Lab_2,Tech_2B,31.4
S_0385,B_fibronectin,37C,Batch_4,Lab_2,Tech_2B,24.3
S_0386,B_fibronectin,37C,Batch_4,Lab_2,Tech_2B,26.3
S_0387,B_fibronectin,37C,Batch_4,Lab_2,Tech_2B,27.2
S_0388,B_fibronectin,42C,Batch_4,Lab_2,Tech_2B,31.9
S_0389,B_fibronectin,42C,Batch_4,Lab_2,Tech_2B,29.3
S_0390,B_fibronectin,42C,Batch_4,Lab_2,Tech_2B,32.8
S_0391,C_uncoated,37C,Batch_4,Lab_2,Tech_2B,35.8
S_0392,C_uncoated,37C,Batch_4,Lab_2,Tech_2B,33.5
S_0393,C_uncoated,37C,Batch_4,Lab_2,Tech_2B,33.6
S_0394,C_uncoated,42C,Batch_4,Lab_2,Tech_2B,44.6
S_0395,C_uncoated,42C,Batch_4,Lab_2,Tech_2B,42.2
S_0396,C_uncoated,42C,Batch_4,Lab_2,Tech_2B,44.9
S_0397,A_collagen,37C,Batch_5,Lab_2,Tech_2B,27.4
S_0398,A_collagen,37C,Batch_5,Lab_2,Tech_2B,28.6
S_0399,A_collagen,37C,Batch_5,Lab_2,Tech_2B,25.2
S_0400,A_collagen,42C,Batch_5,Lab_2,Tech_2B,32.4
S_0401,A_collagen,42C,Batch_5,Lab_2,Tech_2B,33.0
S_0402,A_collagen,42C,Batch_5,Lab_2,Tech_2B,30.7
S_0403,B_fibronectin,37C,Batch_5,Lab_2,Tech_2B,29.1
S_0404,B_fibronectin,37C,Batch_5,Lab_2,Tech_2B,28.0
S_0405,B_fibronectin,37C,Batch_5,Lab_2,Tech_2B,32.1
S_0406,B_fibronectin,42C,Batch_5,Lab_2,Tech_2B,37.7
S_0407,B_fibronectin,42C,Batch_5,Lab_2,Tech_2B,39.0
S_0408,B_fibronectin,42C,Batch_5,Lab_2,Tech_2B,38.3
S_0409,C_uncoated,37C,Batch_5,Lab_2,Tech_2B,40.1
S_0410,C_uncoated,37C,Batch_5,Lab_2,Tech_2B,36.9
S_0411,C_uncoated,37C,Batch_5,Lab_2,Tech_2B,37.9
S_0412,C_uncoated,42C,Batch_5,Lab_2,Tech_2B,46.9
S_0413,C_uncoated,42C,Batch_5,Lab_2,Tech_2B,46.5
S_0414,C_uncoated,42C,Batch_5,Lab_2,Tech_2B,45.3
S_0415,A_collagen,37C,Batch_6,Lab_2,Tech_2B,25.6
S_0416,A_collagen,37C,Batch_6,Lab_2,Tech_2B,24.5
S_0417,A_collagen,37C,Batch_6,Lab_2,Tech_2B,22.3
S_0418,A_collagen,42C,Batch_6,Lab_2,Tech_2B,29.7
S_0419,A_collagen,42C,Batch_6,Lab_2,Tech_2B,27.2
S_0420,A_collagen,42C,Batch_6,Lab_2,Tech_2B,29.7
S_0421,B_fibronectin,37C,Batch_6,Lab_2,Tech_2B,30.5
S_0422,B_fibronectin,37C,Batch_6,Lab_2,Tech_2B,29.8
S_0423,B_fibronectin,37C,Batch_6,Lab_2,Tech_2B,25.7
S_0424,B_fibronectin,42C,Batch_6,Lab_2,Tech_2B,31.4
S_0425,B_fibronectin,42C,Batch_6,Lab_2,Tech_2B,29.5
S_0426,B_fibronectin,42C,Batch_6,Lab_2,Tech_2B,33.6
S_0427,C_uncoated,37C,Batch_6,Lab_2,Tech_2B,33.3
S_0428,C_uncoated,37C,Batch_6,Lab_2,Tech_2B,29.7
S_0429,C_uncoated,37C,Batch_6,Lab_2,Tech_2B,32.0
S_0430,C_uncoated,42C,Batch_6,Lab_2,Tech_2B,39.8
S_0431,C_uncoated,42C,Batch_6,Lab_2,Tech_2B,42.0
S_0432,C_uncoated,42C,Batch_6,Lab_2,Tech_2B,45.6
S_0433,A_collagen,37C,Batch_1,Lab_2,Tech_2C,22.1
S_0434,A_collagen,37C,Batch_1,Lab_2,Tech_2C,25.1
S_0435,A_collagen,37C,Batch_1,Lab_2,Tech_2C,23.2
S_0436,A_collagen,42C,Batch_1,Lab_2,Tech_2C,25.9
S_0437,A_collagen,42C,Batch_1,Lab_2,Tech_2C,30.0
S_0438,A_collagen,42C,Batch_1,Lab_2,Tech_2C,28.6
S_0439,B_fibronectin,37C,Batch_1,Lab_2,Tech_2C,22.4
S_0440,B_fibronectin,37C,Batch_1,Lab_2,Tech_2C,25.2
S_0441,B_fibronectin,37C,Batch_1,Lab_2,Tech_2C,24.4
S_0442,B_fibronectin,42C,Batch_1,Lab_2,Tech_2C,31.4
S_0443,B_fibronectin,42C,Batch_1,Lab_2,Tech_2C,32.5
S_0444,B_fibronectin,42C,Batch_1,Lab_2,Tech_2C,34.1
S_0445,C_uncoated,37C,Batch_1,Lab_2,Tech_2C,31.4
S_0446,C_uncoated,37C,Batch_1,Lab_2,Tech_2C,30.3
S_0447,C_uncoated,37C,Batch_1,Lab_2,Tech_2C,32.6
S_0448,C_uncoated,42C,Batch_1,Lab_2,Tech_2C,40.3
S_0449,C_uncoated,42C,Batch_1,Lab_2,Tech_2C,42.1
S_0450,C_uncoated,42C,Batch_1,Lab_2,Tech_2C,40.4
S_0451,A_collagen,37C,Batch_2,Lab_2,Tech_2C,22.0
S_0452,A_collagen,37C,Batch_2,Lab_2,Tech_2C,19.6
S_0453,A_collagen,37C,Batch_2,Lab_2,Tech_2C,18.3
S_0454,A_collagen,42C,Batch_2,Lab_2,Tech_2C,21.9
S_0455,A_collagen,42C,Batch_2,Lab_2,Tech_2C,24.7
S_0456,A_collagen,42C,Batch_2,Lab_2,Tech_2C,23.5
S_0457,B_fibronectin,37C,Batch_2,Lab_2,Tech_2C,26.2
S_0458,B_fibronectin,37C,Batch_2,Lab_2,Tech_2C,24.7
S_0459,B_fibronectin,37C,Batch_2,Lab_2,Tech_2C,24.0
S_0460,B_fibronectin,42C,Batch_2,Lab_2,Tech_2C,28.8
S_0461,B_fibronectin,42C,Batch_2,Lab_2,Tech_2C,30.7
S_0462,B_fibronectin,42C,Batch_2,Lab_2,Tech_2C,27.5
S_0463,C_uncoated,37C,Batch_2,Lab_2,Tech_2C,24.4
S_0464,C_uncoated,37C,Batch_2,Lab_2,Tech_2C,25.9
S_0465,C_uncoated,37C,Batch_2,Lab_2,Tech_2C,28.6
S_0466,C_uncoated,42C,Batch_2,Lab_2,Tech_2C,42.7
S_0467,C_uncoated,42C,Batch_2,Lab_2,Tech_2C,40.6
S_0468,C_uncoated,42C,Batch_2,Lab_2,Tech_2C,38.8
S_0469,A_collagen,37C,Batch_3,Lab_2,Tech_2C,23.1
S_0470,A_collagen,37C,Batch_3,Lab_2,Tech_2C,23.1
S_0471,A_collagen,37C,Batch_3,Lab_2,Tech_2C,23.6
S_0472,A_collagen,42C,Batch_3,Lab_2,Tech_2C,28.3
S_0473,A_collagen,42C,Batch_3,Lab_2,Tech_2C,31.5
S_0474,A_collagen,42C,Batch_3,Lab_2,Tech_2C,25.4
S_0475,B_fibronectin,37C,Batch_3,Lab_2,Tech_2C,29.9
S_0476,B_fibronectin,37C,Batch_3,Lab_2,Tech_2C,26.9
S_0477,B_fibronectin,37C,Batch_3,Lab_2,Tech_2C,25.3
S_0478,B_fibronectin,42C,Batch_3,Lab_2,Tech_2C,32.4
S_0479,B_fibronectin,42C,Batch_3,Lab_2,Tech_2C,33.4
S_0480,B_fibronectin,42C,Batch_3,Lab_2,Tech_2C,36.4
S_0481,C_uncoated,37C,Batch_3,Lab_2,Tech_2C,31.3
S_0482,C_uncoated,37C,Batch_3,Lab_2,Tech_2C,35.7
S_0483,C_uncoated,37C,Batch_3,Lab_2,Tech_2C,31.5
S_0484,C_uncoated,42C,Batch_3,Lab_2,Tech_2C,45.6
S_0485,C_uncoated,42C,Batch_3,Lab_2,Tech_2C,42.1
S_0486,C_uncoated,42C,Batch_3,Lab_2,Tech_2C,47.3
S_0487,A_collagen,37C,Batch_4,Lab_2,Tech_2C,24.5
S_0488,A_collagen,37C,Batch_4,Lab_2,Tech_2C,22.4
S_0489,A_collagen,37C,Batch_4,Lab_2,Tech_2C,26.4
S_0490,A_collagen,42C,Batch_4,Lab_2,Tech_2C,28.2
S_0491,A_collagen,42C,Batch_4,Lab_2,Tech_2C,25.6
S_0492,A_collagen,42C,Batch_4,Lab_2,Tech_2C,27.3
S_0493,B_fibronectin,37C,Batch_4,Lab_2,Tech_2C,24.2
S_0494,B_fibronectin,37C,Batch_4,Lab_2,Tech_2C,24.4
S_0495,B_fibronectin,37C,Batch_4,Lab_2,Tech_2C,28.8
S_0496,B_fibronectin,42C,Batch_4,Lab_2,Tech_2C,33.4
S_0497,B_fibronectin,42C,Batch_4,Lab_2,Tech_2C,31.3
S_0498,B_fibronectin,42C,Batch_4,Lab_2,Tech_2C,33.9
S_0499,C_uncoated,37C,Batch_4,Lab_2,Tech_2C,30.4
S_0500,C_uncoated,37C,Batch_4,Lab_2,Tech_2C,32.5
S_0501,C_uncoated,37C,Batch_4,Lab_2,Tech_2C,32.5
S_0502,C_uncoated,42C,Batch_4,Lab_2,Tech_2C,43.7
S_0503,C_uncoated,42C,Batch_4,Lab_2,Tech_2C,36.7
S_0504,C_uncoated,42C,Batch_4,Lab_2,Tech_2C,42.9
S_0505,A_collagen,37C,Batch_5,Lab_2,Tech_2C,29.4
S_0506,A_collagen,37C,Batch_5,Lab_2,Tech_2C,29.3
S_0507,A_collagen,37C,Batch_5,Lab_2,Tech_2C,28.3
S_0508,A_collagen,42C,Batch_5,Lab_2,Tech_2C,31.6
S_0509,A_collagen,42C,Batch_5,Lab_2,Tech_2C,31.4
S_0510,A_collagen,42C,Batch_5,Lab_2,Tech_2C,27.6
S_0511,B_fibronectin,37C,Batch_5,Lab_2,Tech_2C,29.0
S_0512,B_fibronectin,37C,Batch_5,Lab_2,Tech_2C,29.9
S_0513,B_fibronectin,37C,Batch_5,Lab_2,Tech_2C,27.7
S_0514,B_fibronectin,42C,Batch_5,Lab_2,Tech_2C,33.0
S_0515,B_fibronectin,42C,Batch_5,Lab_2,Tech_2C,35.1
S_0516,B_fibronectin,42C,Batch_5,Lab_2,Tech_2C,33.3
S_0517,C_uncoated,37C,Batch_5,Lab_2,Tech_2C,35.3
S_0518,C_uncoated,37C,Batch_5,Lab_2,Tech_2C,32.4
S_0519,C_uncoated,37C,Batch_5,Lab_2,Tech_2C,36.1
S_0520,C_uncoated,42C,Batch_5,Lab_2,Tech_2C,44.1
S_0521,C_uncoated,42C,Batch_5,Lab_2,Tech_2C,43.8
S_0522,C_uncoated,42C,Batch_5,Lab_2,Tech_2C,45.0
S_0523,A_collagen,37C,Batch_6,Lab_2,Tech_2C,22.7
S_0524,A_collagen,37C,Batch_6,Lab_2,Tech_2C,24.1
S_0525,A_collagen,37C,Batch_6,Lab_2,Tech_2C,23.2
S_0526,A_collagen,42C,Batch_6,Lab_2,Tech_2C,28.3
S_0527,A_collagen,42C,Batch_6,Lab_2,Tech_2C,27.5
S_0528,A_collagen,42C,Batch_6,Lab_2,Tech_2C,27.2
S_0529,B_fibronectin,37C,Batch_6,Lab_2,Tech_2C,28.3
S_0530,B_fibronectin,37C,Batch_6,Lab_2,Tech_2C,26.8
S_0531,B_fibronectin,37C,Batch_6,Lab_2,Tech_2C,23.1
S_0532,B_fibronectin,42C,Batch_6,Lab_2,Tech_2C,33.1
S_0533,B_fibronectin,42C,Batch_6,Lab_2,Tech_2C,32.9
S_0534,B_fibronectin,42C,Batch_6,Lab_2,Tech_2C,35.3
S_0535,C_uncoated,37C,Batch_6,Lab_2,Tech_2C,35.7
S_0536,C_uncoated,37C,Batch_6,Lab_2,Tech_2C,37.7
S_0537,C_uncoated,37C,Batch_6,Lab_2,Tech_2C,31.5
S_0538,C_uncoated,42C,Batch_6,Lab_2,Tech_2C,44.2
S_0539,C_uncoated,42C,Batch_6,Lab_2,Tech_2C,44.2
S_0540,C_uncoated,42C,Batch_6,Lab_2,Tech_2C,39.1
S_0541,A_collagen,37C,Batch_1,Lab_3,Tech_3A,24.1
S_0542,A_collagen,37C,Batch_1,Lab_3,Tech_3A,23.9
S_0543,A_collagen,37C,Batch_1,Lab_3,Tech_3A,28.2
S_0544,A_collagen,42C,Batch_1,Lab_3,Tech_3A,31.7
S_0545,A_collagen,42C,Batch_1,Lab_3,Tech_3A,35.7
S_0546,A_collagen,42C,Batch_1,Lab_3,Tech_3A,32.2
S_0547,B_fibronectin,37C,Batch_1,Lab_3,Tech_3A,34.9
S_0548,B_fibronectin,37C,Batch_1,Lab_3,Tech_3A,33.3
S_0549,B_fibronectin,37C,Batch_1,Lab_3,Tech_3A,36.4
S_0550,B_fibronectin,42C,Batch_1,Lab_3,Tech_3A,33.5
S_0551,B_fibronectin,42C,Batch_1,Lab_3,Tech_3A,40.0
S_0552,B_fibronectin,42C,Batch_1,Lab_3,Tech_3A,37.3
S_0553,C_uncoated,37C,Batch_1,Lab_3,Tech_3A,37.8
S_0554,C_uncoated,37C,Batch_1,Lab_3,Tech_3A,38.3
S_0555,C_uncoated,37C,Batch_1,Lab_3,Tech_3A,35.8
S_0556,C_uncoated,42C,Batch_1,Lab_3,Tech_3A,45.0
S_0557,C_uncoated,42C,Batch_1,Lab_3,Tech_3A,50.1
S_0558,C_uncoated,42C,Batch_1,Lab_3,Tech_3A,48.0
S_0559,A_collagen,37C,Batch_2,Lab_3,Tech_3A,27.9
S_0560,A_collagen,37C,Batch_2,Lab_3,Tech_3A,28.7
S_0561,A_collagen,37C,Batch_2,Lab_3,Tech_3A,31.2
S_0562,A_collagen,42C,Batch_2,Lab_3,Tech_3A,31.4
S_0563,A_collagen,42C,Batch_2,Lab_3,Tech_3A,29.2
S_0564,A_collagen,42C,Batch_2,Lab_3,Tech_3A,31.2
S_0565,B_fibronectin,37C,Batch_2,Lab_3,Tech_3A,32.1
S_0566,B_fibronectin,37C,Batch_2,Lab_3,Tech_3A,28.8
S_0567,B_fibronectin,37C,Batch_2,Lab_3,Tech_3A,28.2
S_0568,B_fibronectin,42C,Batch_2,Lab_3,Tech_3A,31.6
S_0569,B_fibronectin,42C,Batch_2,Lab_3,Tech_3A,36.2
S_0570,B_fibronectin,42C,Batch_2,Lab_3,Tech_3A,35.6
S_0571,C_uncoated,37C,Batch_2,Lab_3,Tech_3A,33.9
S_0572,C_uncoated,37C,Batch_2,Lab_3,Tech_3A,36.2
S_0573,C_uncoated,37C,Batch_2,Lab_3,Tech_3A,34.9
S_0574,C_uncoated,42C,Batch_2,Lab_3,Tech_3A,45.8
S_0575,C_uncoated,42C,Batch_2,Lab_3,Tech_3A,50.6
S_0576,C_uncoated,42C,Batch_2,Lab_3,Tech_3A,47.1
S_0577,A_collagen,37C,Batch_3,Lab_3,Tech_3A,30.3
S_0578,A_collagen,37C,Batch_3,Lab_3,Tech_3A,30.2
S_0579,A_collagen,37C,Batch_3,Lab_3,Tech_3A,29.1
S_0580,A_collagen,42C,Batch_3,Lab_3,Tech_3A,35.3
S_0581,A_collagen,42C,Batch_3,Lab_3,Tech_3A,33.0
S_0582,A_collagen,42C,Batch_3,Lab_3,Tech_3A,35.2
S_0583,B_fibronectin,37C,Batch_3,Lab_3,Tech_3A,30.5
S_0584,B_fibronectin,37C,Batch_3,Lab_3,Tech_3A,36.1
S_0585,B_fibronectin,37C,Batch_3,Lab_3,Tech_3A,37.6
S_0586,B_fibronectin,42C,Batch_3,Lab_3,Tech_3A,38.7
S_0587,B_fibronectin,42C,Batch_3,Lab_3,Tech_3A,37.8
S_0588,B_fibronectin,42C,Batch_3,Lab_3,Tech_3A,37.7
S_0589,C_uncoated,37C,Batch_3,Lab_3,Tech_3A,40.2
S_0590,C_uncoated,37C,Batch_3,Lab_3,Tech_3A,40.2
S_0591,C_uncoated,37C,Batch_3,Lab_3,Tech_3A,40.9
S_0592,C_uncoated,42C,Batch_3,Lab_3,Tech_3A,44.7
S_0593,C_uncoated,42C,Batch_3,Lab_3,Tech_3A,51.8
S_0594,C_uncoated,42C,Batch_3,Lab_3,Tech_3A,48.5
S_0595,A_collagen,37C,Batch_4,Lab_3,Tech_3A,31.3
S_0596,A_collagen,37C,Batch_4,Lab_3,Tech_3A,33.0
S_0597,A_collagen,37C,Batch_4,Lab_3,Tech_3A,28.4
S_0598,A_collagen,42C,Batch_4,Lab_3,Tech_3A,35.2
S_0599,A_collagen,42C,Batch_4,Lab_3,Tech_3A,33.4
S_0600,A_collagen,42C,Batch_4,Lab_3,Tech_3A,33.6
S_0601,B_fibronectin,37C,Batch_4,Lab_3,Tech_3A,36.3
S_0602,B_fibronectin,37C,Batch_4,Lab_3,Tech_3A,32.7
S_0603,B_fibronectin,37C,Batch_4,Lab_3,Tech_3A,35.0
S_0604,B_fibronectin,42C,Batch_4,Lab_3,Tech_3A,40.5
S_0605,B_fibronectin,42C,Batch_4,Lab_3,Tech_3A,42.0
S_0606,B_fibronectin,42C,Batch_4,Lab_3,Tech_3A,43.4
S_0607,C_uncoated,37C,Batch_4,Lab_3,Tech_3A,39.6
S_0608,C_uncoated,37C,Batch_4,Lab_3,Tech_3A,40.3
S_0609,C_uncoated,37C,Batch_4,Lab_3,Tech_3A,41.7
S_0610,C_uncoated,42C,Batch_4,Lab_3,Tech_3A,49.3
S_0611,C_uncoated,42C,Batch_4,Lab_3,Tech_3A,46.1
S_0612,C_uncoated,42C,Batch_4,Lab_3,Tech_3A,51.4
S_0613,A_collagen,37C,Batch_5,Lab_3,Tech_3A,33.3
S_0614,A_collagen,37C,Batch_5,Lab_3,Tech_3A,36.1
S_0615,A_collagen,37C,Batch_5,Lab_3,Tech_3A,27.1
S_0616,A_collagen,42C,Batch_5,Lab_3,Tech_3A,41.0
S_0617,A_collagen,42C,Batch_5,Lab_3,Tech_3A,39.2
S_0618,A_collagen,42C,Batch_5,Lab_3,Tech_3A,38.0
S_0619,B_fibronectin,37C,Batch_5,Lab_3,Tech_3A,38.9
S_0620,B_fibronectin,37C,Batch_5,Lab_3,Tech_3A,39.3
S_0621,B_fibronectin,37C,Batch_5,Lab_3,Tech_3A,38.6
S_0622,B_fibronectin,42C,Batch_5,Lab_3,Tech_3A,44.6
S_0623,B_fibronectin,42C,Batch_5,Lab_3,Tech_3A,41.1
S_0624,B_fibronectin,42C,Batch_5,Lab_3,Tech_3A,40.5
S_0625,C_uncoated,37C,Batch_5,Lab_3,Tech_3A,38.4
S_0626,C_uncoated,37C,Batch_5,Lab_3,Tech_3A,44.6
S_0627,C_uncoated,37C,Batch_5,Lab_3,Tech_3A,41.2
S_0628,C_uncoated,42C,Batch_5,Lab_3,Tech_3A,50.8
S_0629,C_uncoated,42C,Batch_5,Lab_3,Tech_3A,52.0
S_0630,C_uncoated,42C,Batch_5,Lab_3,Tech_3A,53.4
S_0631,A_collagen,37C,Batch_6,Lab_3,Tech_3A,27.7
S_0632,A_collagen,37C,Batch_6,Lab_3,Tech_3A,30.1
S_0633,A_collagen,37C,Batch_6,Lab_3,Tech_3A,33.0
S_0634,A_collagen,42C,Batch_6,Lab_3,Tech_3A,33.7
S_0635,A_collagen,42C,Batch_6,Lab_3,Tech_3A,39.5
S_0636,A_collagen,42C,Batch_6,Lab_3,Tech_3A,36.9
S_0637,B_fibronectin,37C,Batch_6,Lab_3,Tech_3A,33.1
S_0638,B_fibronectin,37C,Batch_6,Lab_3,Tech_3A,35.1
S_0639,B_fibronectin,37C,Batch_6,Lab_3,Tech_3A,33.9
S_0640,B_fibronectin,42C,Batch_6,Lab_3,Tech_3A,40.2
S_0641,B_fibronectin,42C,Batch_6,Lab_3,Tech_3A,39.4
S_0642,B_fibronectin,42C,Batch_6,Lab_3,Tech_3A,39.8
S_0643,C_uncoated,37C,Batch_6,Lab_3,Tech_3A,39.3
S_0644,C_uncoated,37C,Batch_6,Lab_3,Tech_3A,37.6
S_0645,C_uncoated,37C,Batch_6,Lab_3,Tech_3A,38.2
S_0646,C_uncoated,42C,Batch_6,Lab_3,Tech_3A,51.2
S_0647,C_uncoated,42C,Batch_6,Lab_3,Tech_3A,48.7
S_0648,C_uncoated,42C,Batch_6,Lab_3,Tech_3A,53.4
S_0649,A_collagen,37C,Batch_1,Lab_3,Tech_3B,30.4
S_0650,A_collagen,37C,Batch_1,Lab_3,Tech_3B,28.1
S_0651,A_collagen,37C,Batch_1,Lab_3,Tech_3B,28.5
S_0652,A_collagen,42C,Batch_1,Lab_3,Tech_3B,32.5
S_0653,A_collagen,42C,Batch_1,Lab_3,Tech_3B,34.6
S_0654,A_collagen,42C,Batch_1,Lab_3,Tech_3B,33.7
S_0655,B_fibronectin,37C,Batch_1,Lab_3,Tech_3B,32.6
S_0656,B_fibronectin,37C,Batch_1,Lab_3,Tech_3B,34.7
S_0657,B_fibronectin,37C,Batch_1,Lab_3,Tech_3B,31.6
S_0658,B_fibronectin,42C,Batch_1,Lab_3,Tech_3B,38.2
S_0659,B_fibronectin,42C,Batch_1,Lab_3,Tech_3B,37.5
S_0660,B_fibronectin,42C,Batch_1,Lab_3,Tech_3B,38.6
S_0661,C_uncoated,37C,Batch_1,Lab_3,Tech_3B,37.6
S_0662,C_uncoated,37C,Batch_1,Lab_3,Tech_3B,37.9
S_0663,C_uncoated,37C,Batch_1,Lab_3,Tech_3B,39.5
S_0664,C_uncoated,42C,Batch_1,Lab_3,Tech_3B,50.1
S_0665,C_uncoated,42C,Batch_1,Lab_3,Tech_3B,50.2
S_0666,C_uncoated,42C,Batch_1,Lab_3,Tech_3B,45.5
S_0667,A_collagen,37C,Batch_2,Lab_3,Tech_3B,27.5
S_0668,A_collagen,37C,Batch_2,Lab_3,Tech_3B,26.3
S_0669,A_collagen,37C,Batch_2,Lab_3,Tech_3B,26.3
S_0670,A_collagen,42C,Batch_2,Lab_3,Tech_3B,28.9
S_0671,A_collagen,42C,Batch_2,Lab_3,Tech_3B,35.2
S_0672,A_collagen,42C,Batch_2,Lab_3,Tech_3B,28.7
S_0673,B_fibronectin,37C,Batch_2,Lab_3,Tech_3B,29.8
S_0674,B_fibronectin,37C,Batch_2,Lab_3,Tech_3B,31.3
S_0675,B_fibronectin,37C,Batch_2,Lab_3,Tech_3B,30.5
S_0676,B_fibronectin,42C,Batch_2,Lab_3,Tech_3B,34.9
S_0677,B_fibronectin,42C,Batch_2,Lab_3,Tech_3B,38.1
S_0678,B_fibronectin,42C,Batch_2,Lab_3,Tech_3B,39.6
S_0679,C_uncoated,37C,Batch_2,Lab_3,Tech_3B,34.5
S_0680,C_uncoated,37C,Batch_2,Lab_3,Tech_3B,35.7
S_0681,C_uncoated,37C,Batch_2,Lab_3,Tech_3B,32.0
S_0682,C_uncoated,42C,Batch_2,Lab_3,Tech_3B,45.1
S_0683,C_uncoated,42C,Batch_2,Lab_3,Tech_3B,46.3
S_0684,C_uncoated,42C,Batch_2,Lab_3,Tech_3B,45.6
S_0685,A_collagen,37C,Batch_3,Lab_3,Tech_3B,28.2
S_0686,A_collagen,37C,Batch_3,Lab_3,Tech_3B,28.9
S_0687,A_collagen,37C,Batch_3,Lab_3,Tech_3B,30.4
S_0688,A_collagen,42C,Batch_3,Lab_3,Tech_3B,35.3
S_0689,A_collagen,42C,Batch_3,Lab_3,Tech_3B,36.3
S_0690,A_collagen,42C,Batch_3,Lab_3,Tech_3B,36.3
S_0691,B_fibronectin,37C,Batch_3,Lab_3,Tech_3B,34.3
S_0692,B_fibronectin,37C,Batch_3,Lab_3,Tech_3B,32.5
S_0693,B_fibronectin,37C,Batch_3,Lab_3,Tech_3B,36.4
S_0694,B_fibronectin,42C,Batch_3,Lab_3,Tech_3B,42.4
S_0695,B_fibronectin,42C,Batch_3,Lab_3,Tech_3B,40.8
S_0696,B_fibronectin,42C,Batch_3,Lab_3,Tech_3B,41.4
S_0697,C_uncoated,37C,Batch_3,Lab_3,Tech_3B,40.8
S_0698,C_uncoated,37C,Batch_3,Lab_3,Tech_3B,45.3
S_0699,C_uncoated,37C,Batch_3,Lab_3,Tech_3B,41.6
S_0700,C_uncoated,42C,Batch_3,Lab_3,Tech_3B,49.7
S_0701,C_uncoated,42C,Batch_3,Lab_3,Tech_3B,47.0
S_0702,C_uncoated,42C,Batch_3,Lab_3,Tech_3B,48.0
S_0703,A_collagen,37C,Batch_4,Lab_3,Tech_3B,29.6
S_0704,A_collagen,37C,Batch_4,Lab_3,Tech_3B,29.2
S_0705,A_collagen,37C,Batch_4,Lab_3,Tech_3B,29.2
S_0706,A_collagen,42C,Batch_4,Lab_3,Tech_3B,35.3
S_0707,A_collagen,42C,Batch_4,Lab_3,Tech_3B,34.2
S_0708,A_collagen,42C,Batch_4,Lab_3,Tech_3B,36.7
S_0709,B_fibronectin,37C,Batch_4,Lab_3,Tech_3B,32.5
S_0710,B_fibronectin,37C,Batch_4,Lab_3,Tech_3B,37.4
S_0711,B_fibronectin,37C,Batch_4,Lab_3,Tech_3B,39.3
S_0712,B_fibronectin,42C,Batch_4,Lab_3,Tech_3B,38.9
S_0713,B_fibronectin,42C,Batch_4,Lab_3,Tech_3B,38.6
S_0714,B_fibronectin,42C,Batch_4,Lab_3,Tech_3B,41.6
S_0715,C_uncoated,37C,Batch_4,Lab_3,Tech_3B,40.6
S_0716,C_uncoated,37C,Batch_4,Lab_3,Tech_3B,39.9
S_0717,C_uncoated,37C,Batch_4,Lab_3,Tech_3B,40.6
S_0718,C_uncoated,42C,Batch_4,Lab_3,Tech_3B,46.3
S_0719,C_uncoated,42C,Batch_4,Lab_3,Tech_3B,47.5
S_0720,C_uncoated,42C,Batch_4,Lab_3,Tech_3B,50.0
S_0721,A_collagen,37C,Batch_5,Lab_3,Tech_3B,34.1
S_0722,A_collagen,37C,Batch_5,Lab_3,Tech_3B,34.1
S_0723,A_collagen,37C,Batch_5,Lab_3,Tech_3B,33.3
S_0724,A_collagen,42C,Batch_5,Lab_3,Tech_3B,35.6
S_0725,A_collagen,42C,Batch_5,Lab_3,Tech_3B,37.9
S_0726,A_collagen,42C,Batch_5,Lab_3,Tech_3B,41.5
S_0727,B_fibronectin,37C,Batch_5,Lab_3,Tech_3B,36.5
S_0728,B_fibronectin,37C,Batch_5,Lab_3,Tech_3B,39.5
S_0729,B_fibronectin,37C,Batch_5,Lab_3,Tech_3B,36.6
S_0730,B_fibronectin,42C,Batch_5,Lab_3,Tech_3B,45.4
S_0731,B_fibronectin,42C,Batch_5,Lab_3,Tech_3B,46.6
S_0732,B_fibronectin,42C,Batch_5,Lab_3,Tech_3B,41.8
S_0733,C_uncoated,37C,Batch_5,Lab_3,Tech_3B,43.7
S_0734,C_uncoated,37C,Batch_5,Lab_3,Tech_3B,38.7
S_0735,C_uncoated,37C,Batch_5,Lab_3,Tech_3B,40.3
S_0736,C_uncoated,42C,Batch_5,Lab_3,Tech_3B,52.4
S_0737,C_uncoated,42C,Batch_5,Lab_3,Tech_3B,53.7
S_0738,C_uncoated,42C,Batch_5,Lab_3,Tech_3B,52.5
S_0739,A_collagen,37C,Batch_6,Lab_3,Tech_3B,31.1
S_0740,A_collagen,37C,Batch_6,Lab_3,Tech_3B,31.8
S_0741,A_collagen,37C,Batch_6,Lab_3,Tech_3B,30.8
S_0742,A_collagen,42C,Batch_6,Lab_3,Tech_3B,36.8
S_0743,A_collagen,42C,Batch_6,Lab_3,Tech_3B,37.7
S_0744,A_collagen,42C,Batch_6,Lab_3,Tech_3B,35.1
S_0745,B_fibronectin,37C,Batch_6,Lab_3,Tech_3B,32.0
S_0746,B_fibronectin,37C,Batch_6,Lab_3,Tech_3B,32.3
S_0747,B_fibronectin,37C,Batch_6,Lab_3,Tech_3B,33.4
S_0748,B_fibronectin,42C,Batch_6,Lab_3,Tech_3B,36.7
S_0749,B_fibronectin,42C,Batch_6,Lab_3,Tech_3B,41.9
S_0750,B_fibronectin,42C,Batch_6,Lab_3,Tech_3B,43.4
S_0751,C_uncoated,37C,Batch_6,Lab_3,Tech_3B,38.3
S_0752,C_uncoated,37C,Batch_6,Lab_3,Tech_3B,37.3
S_0753,C_uncoated,37C,Batch_6,Lab_3,Tech_3B,43.1
S_0754,C_uncoated,42C,Batch_6,Lab_3,Tech_3B,49.4
S_0755,C_uncoated,42C,Batch_6,Lab_3,Tech_3B,50.0
S_0756,C_uncoated,42C,Batch_6,Lab_3,Tech_3B,51.1
S_0757,A_collagen,37C,Batch_1,Lab_4,Tech_4A,23.2
S_0758,A_collagen,37C,Batch_1,Lab_4,Tech_4A,23.1
S_0759,A_collagen,37C,Batch_1,Lab_4,Tech_4A,24.2
S_0760,A_collagen,42C,Batch_1,Lab_4,Tech_4A,27.8
S_0761,A_collagen,42C,Batch_1,Lab_4,Tech_4A,27.3
S_0762,A_collagen,42C,Batch_1,Lab_4,Tech_4A,25.8
S_0763,B_fibronectin,37C,Batch_1,Lab_4,Tech_4A,27.6
S_0764,B_fibronectin,37C,Batch_1,Lab_4,Tech_4A,25.0
S_0765,B_fibronectin,37C,Batch_1,Lab_4,Tech_4A,26.1
S_0766,B_fibronectin,42C,Batch_1,Lab_4,Tech_4A,37.1
S_0767,B_fibronectin,42C,Batch_1,Lab_4,Tech_4A,31.8
S_0768,B_fibronectin,42C,Batch_1,Lab_4,Tech_4A,37.4
S_0769,C_uncoated,37C,Batch_1,Lab_4,Tech_4A,33.6
S_0770,C_uncoated,37C,Batch_1,Lab_4,Tech_4A,34.8
S_0771,C_uncoated,37C,Batch_1,Lab_4,Tech_4A,33.1
S_0772,C_uncoated,42C,Batch_1,Lab_4,Tech_4A,38.8
S_0773,C_uncoated,42C,Batch_1,Lab_4,Tech_4A,41.9
S_0774,C_uncoated,42C,Batch_1,Lab_4,Tech_4A,39.4
S_0775,A_collagen,37C,Batch_2,Lab_4,Tech_4A,19.5
S_0776,A_collagen,37C,Batch_2,Lab_4,Tech_4A,23.9
S_0777,A_collagen,37C,Batch_2,Lab_4,Tech_4A,20.5
S_0778,A_collagen,42C,Batch_2,Lab_4,Tech_4A,23.8
S_0779,A_collagen,42C,Batch_2,Lab_4,Tech_4A,25.8
S_0780,A_collagen,42C,Batch_2,Lab_4,Tech_4A,25.7
S_0781,B_fibronectin,37C,Batch_2,Lab_4,Tech_4A,26.0
S_0782,B_fibronectin,37C,Batch_2,Lab_4,Tech_4A,27.1
S_0783,B_fibronectin,37C,Batch_2,Lab_4,Tech_4A,22.5
S_0784,B_fibronectin,42C,Batch_2,Lab_4,Tech_4A,29.0
S_0785,B_fibronectin,42C,Batch_2,Lab_4,Tech_4A,27.6
S_0786,B_fibronectin,42C,Batch_2,Lab_4,Tech_4A,33.5
S_0787,C_uncoated,37C,Batch_2,Lab_4,Tech_4A,34.4
S_0788,C_uncoated,37C,Batch_2,Lab_4,Tech_4A,28.9
S_0789,C_uncoated,37C,Batch_2,Lab_4,Tech_4A,29.4
S_0790,C_uncoated,42C,Batch_2,Lab_4,Tech_4A,39.2
S_0791,C_uncoated,42C,Batch_2,Lab_4,Tech_4A,39.2
S_0792,C_uncoated,42C,Batch_2,Lab_4,Tech_4A,39.0
S_0793,A_collagen,37C,Batch_3,Lab_4,Tech_4A,25.5
S_0794,A_collagen,37C,Batch_3,Lab_4,Tech_4A,26.0
S_0795,A_collagen,37C,Batch_3,Lab_4,Tech_4A,26.9
S_0796,A_collagen,42C,Batch_3,Lab_4,Tech_4A,29.4
S_0797,A_collagen,42C,Batch_3,Lab_4,Tech_4A,31.2
S_0798,A_collagen,42C,Batch_3,Lab_4,Tech_4A,27.8
S_0799,B_fibronectin,37C,Batch_3,Lab_4,Tech_4A,27.8
S_0800,B_fibronectin,37C,Batch_3,Lab_4,Tech_4A,31.5
S_0801,B_fibronectin,37C,Batch_3,Lab_4,Tech_4A,26.6
S_0802,B_fibronectin,42C,Batch_3,Lab_4,Tech_4A,32.2
S_0803,B_fibronectin,42C,Batch_3,Lab_4,Tech_4A,33.0
S_0804,B_fibronectin,42C,Batch_3,Lab_4,Tech_4A,34.4
S_0805,C_uncoated,37C,Batch_3,Lab_4,Tech_4A,35.4
S_0806,C_uncoated,37C,Batch_3,Lab_4,Tech_4A,33.8
S_0807,C_uncoated,37C,Batch_3,Lab_4,Tech_4A,37.0
S_0808,C_uncoated,42C,Batch_3,Lab_4,Tech_4A,45.7
S_0809,C_uncoated,42C,Batch_3,Lab_4,Tech_4A,44.5
S_0810,C_uncoated,42C,Batch_3,Lab_4,Tech_4A,46.9
S_0811,A_collagen,37C,Batch_4,Lab_4,Tech_4A,23.4
S_0812,A_collagen,37C,Batch_4,Lab_4,Tech_4A,19.2
S_0813,A_collagen,37C,Batch_4,Lab_4,Tech_4A,25.3
S_0814,A_collagen,42C,Batch_4,Lab_4,Tech_4A,29.1
S_0815,A_collagen,42C,Batch_4,Lab_4,Tech_4A,33.0
S_0816,A_collagen,42C,Batch_4,Lab_4,Tech_4A,32.1
S_0817,B_fibronectin,37C,Batch_4,Lab_4,Tech_4A,28.6
S_0818,B_fibronectin,37C,Batch_4,Lab_4,Tech_4A,26.8
S_0819,B_fibronectin,37C,Batch_4,Lab_4,Tech_4A,31.9
S_0820,B_fibronectin,42C,Batch_4,Lab_4,Tech_4A,34.7
S_0821,B_fibronectin,42C,Batch_4,Lab_4,Tech_4A,38.5
S_0822,B_fibronectin,42C,Batch_4,Lab_4,Tech_4A,33.7
S_0823,C_uncoated,37C,Batch_4,Lab_4,Tech_4A,31.5
S_0824,C_uncoated,37C,Batch_4,Lab_4,Tech_4A,35.4
S_0825,C_uncoated,37C,Batch_4,Lab_4,Tech_4A,32.9
S_0826,C_uncoated,42C,Batch_4,Lab_4,Tech_4A,43.3
S_0827,C_uncoated,42C,Batch_4,Lab_4,Tech_4A,46.7
S_0828,C_uncoated,42C,Batch_4,Lab_4,Tech_4A,43.2
S_0829,A_collagen,37C,Batch_5,Lab_4,Tech_4A,27.5
S_0830,A_collagen,37C,Batch_5,Lab_4,Tech_4A,27.9
S_0831,A_collagen,37C,Batch_5,Lab_4,Tech_4A,26.7
S_0832,A_collagen,42C,Batch_5,Lab_4,Tech_4A,32.4
S_0833,A_collagen,42C,Batch_5,Lab_4,Tech_4A,33.1
S_0834,A_collagen,42C,Batch_5,Lab_4,Tech_4A,33.3
S_0835,B_fibronectin,37C,Batch_5,Lab_4,Tech_4A,31.6
S_0836,B_fibronectin,37C,Batch_5,Lab_4,Tech_4A,27.4
S_0837,B_fibronectin,37C,Batch_5,Lab_4,Tech_4A,32.2
S_0838,B_fibronectin,42C,Batch_5,Lab_4,Tech_4A,45.0
S_0839,B_fibronectin,42C,Batch_5,Lab_4,Tech_4A,37.8
S_0840,B_fibronectin,42C,Batch_5,Lab_4,Tech_4A,38.0
S_0841,C_uncoated,37C,Batch_5,Lab_4,Tech_4A,37.3
S_0842,C_uncoated,37C,Batch_5,Lab_4,Tech_4A,38.9
S_0843,C_uncoated,37C,Batch_5,Lab_4,Tech_4A,40.1
S_0844,C_uncoated,42C,Batch_5,Lab_4,Tech_4A,46.7
S_0845,C_uncoated,42C,Batch_5,Lab_4,Tech_4A,49.0
S_0846,C_uncoated,42C,Batch_5,Lab_4,Tech_4A,46.4
S_0847,A_collagen,37C,Batch_6,Lab_4,Tech_4A,23.4
S_0848,A_collagen,37C,Batch_6,Lab_4,Tech_4A,27.1
S_0849,A_collagen,37C,Batch_6,Lab_4,Tech_4A,25.0
S_0850,A_collagen,42C,Batch_6,Lab_4,Tech_4A,30.7
S_0851,A_collagen,42C,Batch_6,Lab_4,Tech_4A,34.1
S_0852,A_collagen,42C,Batch_6,Lab_4,Tech_4A,30.8
S_0853,B_fibronectin,37C,Batch_6,Lab_4,Tech_4A,25.7
S_0854,B_fibronectin,37C,Batch_6,Lab_4,Tech_4A,31.1
S_0855,B_fibronectin,37C,Batch_6,Lab_4,Tech_4A,26.5
S_0856,B_fibronectin,42C,Batch_6,Lab_4,Tech_4A,33.5
S_0857,B_fibronectin,42C,Batch_6,Lab_4,Tech_4A,37.0
S_0858,B_fibronectin,42C,Batch_6,Lab_4,Tech_4A,33.7
S_0859,C_uncoated,37C,Batch_6,Lab_4,Tech_4A,34.1
S_0860,C_uncoated,37C,Batch_6,Lab_4,Tech_4A,33.0
S_0861,C_uncoated,37C,Batch_6,Lab_4,Tech_4A,37.0
S_0862,C_uncoated,42C,Batch_6,Lab_4,Tech_4A,43.3
S_0863,C_uncoated,42C,Batch_6,Lab_4,Tech_4A,45.5
S_0864,C_uncoated,42C,Batch_6,Lab_4,Tech_4A,42.0
S_0865,A_collagen,37C,Batch_1,Lab_4,Tech_4B,30.8
S_0866,A_collagen,37C,Batch_1,Lab_4,Tech_4B,29.9
S_0867,A_collagen,37C,Batch_1,Lab_4,Tech_4B,29.4
S_0868,A_collagen,42C,Batch_1,Lab_4,Tech_4B,33.0
S_0869,A_collagen,42C,Batch_1,Lab_4,Tech_4B,33.3
S_0870,A_collagen,42C,Batch_1,Lab_4,Tech_4B,35.8
S_0871,B_fibronectin,37C,Batch_1,Lab_4,Tech_4B,32.3
S_0872,B_fibronectin,37C,Batch_1,Lab_4,Tech_4B,29.9
S_0873,B_fibronectin,37C,Batch_1,Lab_4,Tech_4B,32.1
S_0874,B_fibronectin,42C,Batch_1,Lab_4,Tech_4B,36.1
S_0875,B_fibronectin,42C,Batch_1,Lab_4,Tech_4B,38.5
S_0876,B_fibronectin,42C,Batch_1,Lab_4,Tech_4B,34.9
S_0877,C_uncoated,37C,Batch_1,Lab_4,Tech_4B,37.6
S_0878,C_uncoated,37C,Batch_1,Lab_4,Tech_4B,38.7
S_0879,C_uncoated,37C,Batch_1,Lab_4,Tech_4B,39.0
S_0880,C_uncoated,42C,Batch_1,Lab_4,Tech_4B,48.5
S_0881,C_uncoated,42C,Batch_1,Lab_4,Tech_4B,47.2
S_0882,C_uncoated,42C,Batch_1,Lab_4,Tech_4B,49.0
S_0883,A_collagen,37C,Batch_2,Lab_4,Tech_4B,26.6
S_0884,A_collagen,37C,Batch_2,Lab_4,Tech_4B,27.4
S_0885,A_collagen,37C,Batch_2,Lab_4,Tech_4B,23.8
S_0886,A_collagen,42C,Batch_2,Lab_4,Tech_4B,29.3
S_0887,A_collagen,42C,Batch_2,Lab_4,Tech_4B,27.8
S_0888,A_collagen,42C,Batch_2,Lab_4,Tech_4B,31.7
S_0889,B_fibronectin,37C,Batch_2,Lab_4,Tech_4B,31.7
S_0890,B_fibronectin,37C,Batch_2,Lab_4,Tech_4B,32.7
S_0891,B_fibronectin,37C,Batch_2,Lab_4,Tech_4B,26.9
S_0892,B_fibronectin,42C,Batch_2,Lab_4,Tech_4B,39.3
S_0893,B_fibronectin,42C,Batch_2,Lab_4,Tech_4B,34.1
S_0894,B_fibronectin,42C,Batch_2,Lab_4,Tech_4B,32.2
S_0895,C_uncoated,37C,Batch_2,Lab_4,Tech_4B,36.3
S_0896,C_uncoated,37C,Batch_2,Lab_4,Tech_4B,35.0
S_0897,C_uncoated,37C,Batch_2,Lab_4,Tech_4B,31.1
S_0898,C_uncoated,42C,Batch_2,Lab_4,Tech_4B,41.5
S_0899,C_uncoated,42C,Batch_2,Lab_4,Tech_4B,43.2
S_0900,C_uncoated,42C,Batch_2,Lab_4,Tech_4B,41.4
S_0901,A_collagen,37C,Batch_3,Lab_4,Tech_4B,29.6
S_0902,A_collagen,37C,Batch_3,Lab_4,Tech_4B,34.6
S_0903,A_collagen,37C,Batch_3,Lab_4,Tech_4B,34.4
S_0904,A_collagen,42C,Batch_3,Lab_4,Tech_4B,32.0
S_0905,A_collagen,42C,Batch_3,Lab_4,Tech_4B,35.3
S_0906,A_collagen,42C,Batch_3,Lab_4,Tech_4B,34.6
S_0907,B_fibronectin,37C,Batch_3,Lab_4,Tech_4B,30.0
S_0908,B_fibronectin,37C,Batch_3,Lab_4,Tech_4B,31.1
S_0909,B_fibronectin,37C,Batch_3,Lab_4,Tech_4B,31.8
S_0910,B_fibronectin,42C,Batch_3,Lab_4,Tech_4B,37.0
S_0911,B_fibronectin,42C,Batch_3,Lab_4,Tech_4B,41.6
S_0912,B_fibronectin,42C,Batch_3,Lab_4,Tech_4B,37.3
S_0913,C_uncoated,37C,Batch_3,Lab_4,Tech_4B,37.6
S_0914,C_uncoated,37C,Batch_3,Lab_4,Tech_4B,41.4
S_0915,C_uncoated,37C,Batch_3,Lab_4,Tech_4B,37.6
S_0916,C_uncoated,42C,Batch_3,Lab_4,Tech_4B,48.9
S_0917,C_uncoated,42C,Batch_3,Lab_4,Tech_4B,48.8
S_0918,C_uncoated,42C,Batch_3,Lab_4,Tech_4B,48.6
S_0919,A_collagen,37C,Batch_4,Lab_4,Tech_4B,29.7
S_0920,A_collagen,37C,Batch_4,Lab_4,Tech_4B,26.7
S_0921,A_collagen,37C,Batch_4,Lab_4,Tech_4B,32.7
S_0922,A_collagen,42C,Batch_4,Lab_4,Tech_4B,30.8
S_0923,A_collagen,42C,Batch_4,Lab_4,Tech_4B,34.5
S_0924,A_collagen,42C,Batch_4,Lab_4,Tech_4B,33.1
S_0925,B_fibronectin,37C,Batch_4,Lab_4,Tech_4B,34.3
S_0926,B_fibronectin,37C,Batch_4,Lab_4,Tech_4B,33.9
S_0927,B_fibronectin,37C,Batch_4,Lab_4,Tech_4B,31.9
S_0928,B_fibronectin,42C,Batch_4,Lab_4,Tech_4B,36.0
S_0929,B_fibronectin,42C,Batch_4,Lab_4,Tech_4B,41.0
S_0930,B_fibronectin,42C,Batch_4,Lab_4,Tech_4B,37.1
S_0931,C_uncoated,37C,Batch_4,Lab_4,Tech_4B,34.8
S_0932,C_uncoated,37C,Batch_4,Lab_4,Tech_4B,36.0
S_0933,C_uncoated,37C,Batch_4,Lab_4,Tech_4B,38.7
S_0934,C_uncoated,42C,Batch_4,Lab_4,Tech_4B,46.3
S_0935,C_uncoated,42C,Batch_4,Lab_4,Tech_4B,51.1
S_0936,C_uncoated,42C,Batch_4,Lab_4,Tech_4B,47.9
S_0937,A_collagen,37C,Batch_5,Lab_4,Tech_4B,31.2
S_0938,A_collagen,37C,Batch_5,Lab_4,Tech_4B,33.2
S_0939,A_collagen,37C,Batch_5,Lab_4,Tech_4B,33.0
S_0940,A_collagen,42C,Batch_5,Lab_4,Tech_4B,38.3
S_0941,A_collagen,42C,Batch_5,Lab_4,Tech_4B,41.1
S_0942,A_collagen,42C,Batch_5,Lab_4,Tech_4B,36.3
S_0943,B_fibronectin,37C,Batch_5,Lab_4,Tech_4B,36.7
S_0944,B_fibronectin,37C,Batch_5,Lab_4,Tech_4B,36.6
S_0945,B_fibronectin,37C,Batch_5,Lab_4,Tech_4B,37.9
S_0946,B_fibronectin,42C,Batch_5,Lab_4,Tech_4B,40.6
S_0947,B_fibronectin,42C,Batch_5,Lab_4,Tech_4B,39.9
S_0948,B_fibronectin,42C,Batch_5,Lab_4,Tech_4B,37.2
S_0949,C_uncoated,37C,Batch_5,Lab_4,Tech_4B,44.1
S_0950,C_uncoated,37C,Batch_5,Lab_4,Tech_4B,37.7
S_0951,C_uncoated,37C,Batch_5,Lab_4,Tech_4B,42.2
S_0952,C_uncoated,42C,Batch_5,Lab_4,Tech_4B,52.3
S_0953,C_uncoated,42C,Batch_5,Lab_4,Tech_4B,51.8
S_0954,C_uncoated,42C,Batch_5,Lab_4,Tech_4B,50.3
S_0955,A_collagen,37C,Batch_6,Lab_4,Tech_4B,33.3
S_0956,A_collagen,37C,Batch_6,Lab_4,Tech_4B,29.4
S_0957,A_collagen,37C,Batch_6,Lab_4,Tech_4B,26.0
S_0958,A_collagen,42C,Batch_6,Lab_4,Tech_4B,34.7
S_0959,A_collagen,42C,Batch_6,Lab_4,Tech_4B,35.7
S_0960,A_collagen,42C,Batch_6,Lab_4,Tech_4B,34.0
S_0961,B_fibronectin,37C,Batch_6,Lab_4,Tech_4B,36.2
S_0962,B_fibronectin,37C,Batch_6,Lab_4,Tech_4B,35.3
S_0963,B_fibronectin,37C,Batch_6,Lab_4,Tech_4B,34.6
S_0964,B_fibronectin,42C,Batch_6,Lab_4,Tech_4B,36.4
S_0965,B_fibronectin,42C,Batch_6,Lab_4,Tech_4B,42.4
S_0966,B_fibronectin,42C,Batch_6,Lab_4,Tech_4B,41.4
S_0967,C_uncoated,37C,Batch_6,Lab_4,Tech_4B,41.3
S_0968,C_uncoated,37C,Batch_6,Lab_4,Tech_4B,39.6
S_0969,C_uncoated,37C,Batch_6,Lab_4,Tech_4B,38.4
S_0970,C_uncoated,42C,Batch_6,Lab_4,Tech_4B,50.3
S_0971,C_uncoated,42C,Batch_6,Lab_4,Tech_4B,50.5
S_0972,C_uncoated,42C,Batch_6,Lab_4,Tech_4B,49.3
S_0973,A_collagen,37C,Batch_1,Lab_4,Tech_4C,24.7
S_0974,A_collagen,37C,Batch_1,Lab_4,Tech_4C,22.6
S_0975,A_collagen,37C,Batch_1,Lab_4,Tech_4C,22.1
S_0976,A_collagen,42C,Batch_1,Lab_4,Tech_4C,31.3
S_0977,A_collagen,42C,Batch_1,Lab_4,Tech_4C,30.5
S_0978,A_collagen,42C,Batch_1,Lab_4,Tech_4C,28.0
S_0979,B_fibronectin,37C,Batch_1,Lab_4,Tech_4C,27.9
S_0980,B_fibronectin,37C,Batch_1,Lab_4,Tech_4C,25.4
S_0981,B_fibronectin,37C,Batch_1,Lab_4,Tech_4C,28.3
S_0982,B_fibronectin,42C,Batch_1,Lab_4,Tech_4C,33.0
S_0983,B_fibronectin,42C,Batch_1,Lab_4,Tech_4C,36.9
S_0984,B_fibronectin,42C,Batch_1,Lab_4,Tech_4C,37.4
S_0985,C_uncoated,37C,Batch_1,Lab_4,Tech_4C,33.1
S_0986,C_uncoated,37C,Batch_1,Lab_4,Tech_4C,36.0
S_0987,C_uncoated,37C,Batch_1,Lab_4,Tech_4C,27.8
S_0988,C_uncoated,42C,Batch_1,Lab_4,Tech_4C,41.0
S_0989,C_uncoated,42C,Batch_1,Lab_4,Tech_4C,42.7
S_0990,C_uncoated,42C,Batch_1,Lab_4,Tech_4C,43.1
S_0991,A_collagen,37C,Batch_2,Lab_4,Tech_4C,25.2
S_0992,A_collagen,37C,Batch_2,Lab_4,Tech_4C,20.8
S_0993,A_collagen,37C,Batch_2,Lab_4,Tech_4C,22.3
S_0994,A_collagen,42C,Batch_2,Lab_4,Tech_4C,28.5
S_0995,A_collagen,42C,Batch_2,Lab_4,Tech_4C,26.2
S_0996,A_collagen,42C,Batch_2,Lab_4,Tech_4C,21.3
S_0997,B_fibronectin,37C,Batch_2,Lab_4,Tech_4C,27.1
S_0998,B_fibronectin,37C,Batch_2,Lab_4,Tech_4C,21.2
S_0999,B_fibronectin,37C,Batch_2,Lab_4,Tech_4C,25.0
S_1000,B_fibronectin,42C,Batch_2,Lab_4,Tech_4C,37.0
S_1001,B_fibronectin,42C,Batch_2,Lab_4,Tech_4C,30.3
S_1002,B_fibronectin,42C,Batch_2,Lab_4,Tech_4C,33.4
S_1003,C_uncoated,37C,Batch_2,Lab_4,Tech_4C,29.5
S_1004,C_uncoated,37C,Batch_2,Lab_4,Tech_4C,29.4
S_1005,C_uncoated,37C,Batch_2,Lab_4,Tech_4C,31.9
S_1006,C_uncoated,42C,Batch_2,Lab_4,Tech_4C,43.6
S_1007,C_uncoated,42C,Batch_2,Lab_4,Tech_4C,40.8
S_1008,C_uncoated,42C,Batch_2,Lab_4,Tech_4C,40.9
S_1009,A_collagen,37C,Batch_3,Lab_4,Tech_4C,19.4
S_1010,A_collagen,37C,Batch_3,Lab_4,Tech_4C,25.8
S_1011,A_collagen,37C,Batch_3,Lab_4,Tech_4C,22.9
S_1012,A_collagen,42C,Batch_3,Lab_4,Tech_4C,32.8
S_1013,A_collagen,42C,Batch_3,Lab_4,Tech_4C,31.0
S_1014,A_collagen,42C,Batch_3,Lab_4,Tech_4C,34.2
S_1015,B_fibronectin,37C,Batch_3,Lab_4,Tech_4C,26.0
S_1016,B_fibronectin,37C,Batch_3,Lab_4,Tech_4C,29.2
S_1017,B_fibronectin,37C,Batch_3,Lab_4,Tech_4C,35.0
S_1018,B_fibronectin,42C,Batch_3,Lab_4,Tech_4C,37.2
S_1019,B_fibronectin,42C,Batch_3,Lab_4,Tech_4C,34.4
S_1020,B_fibronectin,42C,Batch_3,Lab_4,Tech_4C,34.5
S_1021,C_uncoated,37C,Batch_3,Lab_4,Tech_4C,36.0
S_1022,C_uncoated,37C,Batch_3,Lab_4,Tech_4C,39.0
S_1023,C_uncoated,37C,Batch_3,Lab_4,Tech_4C,33.8
S_1024,C_uncoated,42C,Batch_3,Lab_4,Tech_4C,46.7
S_1025,C_uncoated,42C,Batch_3,Lab_4,Tech_4C,46.3
S_1026,C_uncoated,42C,Batch_3,Lab_4,Tech_4C,45.2
S_1027,A_collagen,37C,Batch_4,Lab_4,Tech_4C,27.2
S_1028,A_collagen,37C,Batch_4,Lab_4,Tech_4C,22.3
S_1029,A_collagen,37C,Batch_4,Lab_4,Tech_4C,25.3
S_1030,A_collagen,42C,Batch_4,Lab_4,Tech_4C,28.5
S_1031,A_collagen,42C,Batch_4,Lab_4,Tech_4C,33.1
S_1032,A_collagen,42C,Batch_4,Lab_4,Tech_4C,37.4
S_1033,B_fibronectin,37C,Batch_4,Lab_4,Tech_4C,27.6
S_1034,B_fibronectin,37C,Batch_4,Lab_4,Tech_4C,31.3
S_1035,B_fibronectin,37C,Batch_4,Lab_4,Tech_4C,28.7
S_1036,B_fibronectin,42C,Batch_4,Lab_4,Tech_4C,32.8
S_1037,B_fibronectin,42C,Batch_4,Lab_4,Tech_4C,35.9
S_1038,B_fibronectin,42C,Batch_4,Lab_4,Tech_4C,37.0
S_1039,C_uncoated,37C,Batch_4,Lab_4,Tech_4C,33.8
S_1040,C_uncoated,37C,Batch_4,Lab_4,Tech_4C,35.8
S_1041,C_uncoated,37C,Batch_4,Lab_4,Tech_4C,34.3
S_1042,C_uncoated,42C,Batch_4,Lab_4,Tech_4C,45.7
S_1043,C_uncoated,42C,Batch_4,Lab_4,Tech_4C,44.7
S_1044,C_uncoated,42C,Batch_4,Lab_4,Tech_4C,44.8
S_1045,A_collagen,37C,Batch_5,Lab_4,Tech_4C,29.2
S_1046,A_collagen,37C,Batch_5,Lab_4,Tech_4C,30.8
S_1047,A_collagen,37C,Batch_5,Lab_4,Tech_4C,36.1
S_1048,A_collagen,42C,Batch_5,Lab_4,Tech_4C,36.0
S_1049,A_collagen,42C,Batch_5,Lab_4,Tech_4C,35.5
S_1050,A_collagen,42C,Batch_5,Lab_4,Tech_4C,32.5
S_1051,B_fibronectin,37C,Batch_5,Lab_4,Tech_4C,27.4
S_1052,B_fibronectin,37C,Batch_5,Lab_4,Tech_4C,29.9
S_1053,B_fibronectin,37C,Batch_5,Lab_4,Tech_4C,34.6
S_1054,B_fibronectin,42C,Batch_5,Lab_4,Tech_4C,38.3
S_1055,B_fibronectin,42C,Batch_5,Lab_4,Tech_4C,37.1
S_1056,B_fibronectin,42C,Batch_5,Lab_4,Tech_4C,38.7
S_1057,C_uncoated,37C,Batch_5,Lab_4,Tech_4C,37.2
S_1058,C_uncoated,37C,Batch_5,Lab_4,Tech_4C,37.0
S_1059,C_uncoated,37C,Batch_5,Lab_4,Tech_4C,37.5
S_1060,C_uncoated,42C,Batch_5,Lab_4,Tech_4C,47.1
S_1061,C_uncoated,42C,Batch_5,Lab_4,Tech_4C,44.7
S_1062,C_uncoated,42C,Batch_5,Lab_4,Tech_4C,46.4
S_1063,A_collagen,37C,Batch_6,Lab_4,Tech_4C,25.7
S_1064,A_collagen,37C,Batch_6,Lab_4,Tech_4C,25.2
S_1065,A_collagen,37C,Batch_6,Lab_4,Tech_4C,32.9
S_1066,A_collagen,42C,Batch_6,Lab_4,Tech_4C,30.6
S_1067,A_collagen,42C,Batch_6,Lab_4,Tech_4C,30.5
S_1068,A_collagen,42C,Batch_6,Lab_4,Tech_4C,33.6
S_1069,B_fibronectin,37C,Batch_6,Lab_4,Tech_4C,27.6
S_1070,B_fibronectin,37C,Batch_6,Lab_4,Tech_4C,29.3
S_1071,B_fibronectin,37C,Batch_6,Lab_4,Tech_4C,32.7
S_1072,B_fibronectin,42C,Batch_6,Lab_4,Tech_4C,39.2
S_1073,B_fibronectin,42C,Batch_6,Lab_4,Tech_4C,36.1
S_1074,B_fibronectin,42C,Batch_6,Lab_4,Tech_4C,38.3
S_1075,C_uncoated,37C,Batch_6,Lab_4,Tech_4C,32.8
S_1076,C_uncoated,37C,Batch_6,Lab_4,Tech_4C,35.7
S_1077,C_uncoated,37C,Batch_6,Lab_4,Tech_4C,35.4
S_1078,C_uncoated,42C,Batch_6,Lab_4,Tech_4C,44.8
S_1079,C_uncoated,42C,Batch_6,Lab_4,Tech_4C,44.6
S_1080,C_uncoated,42C,Batch_6,Lab_4,Tech_4C,47.9
